letter,frequency
E,0.12702
T,0.09056
A,0.08167